id,email,username,password
1,nredd0@stumbleupon.com,awoodburne0,vV8/&mfTk
2,nlorenz1@networksolutions.com,ntann1,vJ9#oR+sfqK*
3,mcharge2@vkontakte.ru,imaddrell2,tF2~xsom
4,rcharsley3@foxnews.com,ureitenbach3,nD8'Dfm
5,mmccoughan4@icq.com,mclemenzi4,pB1*PCD'4rX
6,llathom5@biglobe.ne.jp,jcolrein5,vI4*_9<
7,moxbe6@ftc.gov,egarwill6,sI8}wMK3
8,ahaborn7@is.gd,lguerrier7,"fO8""l@z"
9,rsmead8@wsj.com,pswindell8,xA9@6=i{cQ
10,jstainton9@theglobeandmail.com,mbinks9,oP9`4T+5}
11,emiddlea@1und1.de,gmattkea,vC4_lS}
12,bcotteeb@zdnet.com,anoltonb,"tR7},!LbVwMn"
13,fhopewellc@scribd.com,edillonc,yT9'A'<!H?
14,aleftbridged@prlog.org,rgregorid,"zM4""RPd"
15,cmarietone@ning.com,pmularkeye,aQ1/cjH$1P3
16,pjurekf@51.la,yyosevitzf,eS4'>$<6cv)_
17,gtranfieldg@who.int,jmakeswellg,oS8$\jw
18,ogidneyh@house.gov,cwinsborrowh,sM6_CMkqCP
19,dbillini@live.com,dtarlingi,fA7&50x$O'
20,vjamesj@sphinn.com,tkeatesj,qP4&Fz>
21,bantonyk@friendfeed.com,tbochk,sG6{P_EcS'e
22,jgermonl@wikispaces.com,nzanninil,"sS2,Uc7k'oT"
23,wpolettom@nbcnews.com,doliddym,vD0|V0R
24,stofaninin@pinterest.com,kbeddalln,"vU9""OU="
25,dedgingtono@washingtonpost.com,lguageo,hX5@?bV9
26,vdormanp@wunderground.com,agellibrandp,nO0.BN&hvxG
27,odootsonq@feedburner.com,bbasekq,aR9#sSl/
28,jpalombir@goo.gl,smatveyevr,gD1~?X`!Cu
29,lkoops@naver.com,rgrzesiewiczs,fI5=B{g{obm|
30,nswaffieldt@goodreads.com,qnixt,xC5{\.COD7V{
31,asenecautu@cyberchimps.com,gkyndu,hA8'DG|1gz
32,tdenerleyv@ft.com,cancellv,dI0&(8VxB##
33,nknapperw@tamu.edu,gnoyew,dC1.2V>0jZY
34,omarkushkinx@last.fm,kheppenspallx,tG3@y!mB*a
35,wbeszanty@studiopress.com,arowbothamy,tK9'Wq&o
36,iblazeyz@paypal.com,rknotonz,"bX4$QRz{(""7"
37,slanghorn10@redcross.org,bflecknell10,cF1}&E|t&66*
38,bgillcrist11@sina.com.cn,fconyers11,iD9.><P>tgL
39,pbelliss12@deviantart.com,bbourcq12,iQ7)?xA
40,twiltshaw13@reuters.com,bbastable13,hS7<T0yGM
41,jscapens14@hexun.com,aminghetti14,sV5\#XwKKb1O
42,bkinman15@shop-pro.jp,btabb15,qQ0\V_FL
43,nchamberlayne16@dion.ne.jp,clinham16,"bR5""n7#%K3V%"
44,oocridigan17@ebay.com,zbroadhead17,mX5&7v
45,dbickle18@clickbank.net,nmorant18,dL6@9oKnc?
46,ajindacek19@oakley.com,ashowte19,rV8\r.
47,jyacobsohn1a@fema.gov,jcolquete1a,jT0#'n3BJn
48,csamways1b@shareasale.com,tshellcross1b,uY3=5j#`
49,lmayoral1c@zdnet.com,rstaniland1c,lL6#d/7u
50,zcapoun1d@va.gov,emadeley1d,zE9|u#
51,cpeggs1e@flavors.me,akeppy1e,iT2*\C!
52,dbucke1f@harvard.edu,amcleese1f,mI1_LE00
53,cstaniford1g@posterous.com,lheyns1g,kD8~f>
54,vheppenspall1h@netvibes.com,vmatevosian1h,"gH4_ou,r0&"
55,mlansley1i@miitbeian.gov.cn,agorusso1i,uK4+QIK})
56,psleath1j@tiny.cc,adeferrari1j,sH7@B*Il!
57,pguille1k@google.com.au,ccatmull1k,kW2>gmnQPd*#
58,myeabsley1l@wordpress.com,fgrimsey1l,oX9(U+jYi/c
59,mpresnell1m@sina.com.cn,averbeek1m,aN1`nu
60,sspeerman1n@hexun.com,mmeynell1n,vJ4!+Kd
61,imealiffe1o@theglobeandmail.com,qsebrens1o,"pZ1\j,"
62,fbidmead1p@google.com.au,aboswood1p,fA0>SOax
63,rlaister1q@irs.gov,tjencken1q,gE5`3#r4uY@'
64,iblemings1r@sogou.com,emarsden1r,vD5{xh
65,lstigell1s@godaddy.com,mgoatman1s,uC9>z{{Xz9wN
66,jdelleschi1t@examiner.com,cambroise1t,pD2&.0>
67,lecclestone1u@so-net.ne.jp,yfoucar1u,uU7!zp
68,ibridgeland1v@marketwatch.com,rrobbins1v,bP0|D2%=
69,famiranda1w@reuters.com,jockleshaw1w,rN8.?DgrjG/
70,mromaint1x@163.com,ibroggini1x,lR8`h?
71,asinncock1y@virginia.edu,edebnam1y,rX0@`6
72,pflook1z@feedburner.com,abamling1z,"vZ8,803@u>*"
73,cfaill20@hao123.com,istanley20,aV0&0ipsc
74,lbrasseur21@blog.com,epattingson21,jU4?Z@n!v
75,rjoscelyn22@bbc.co.uk,rmingauld22,hP0@Vq|b}n
76,sbiasini23@yahoo.com,dcastellaccio23,qU6}<Vqo
77,gthirkettle24@gmpg.org,hperes24,"qS9,%<X"
78,acadding25@statcounter.com,wrash25,jG2{i#
79,bcliss26@flickr.com,ctummond26,wU7(h4H*kEtp
80,dsimenon27@harvard.edu,nfarrears27,fB1)rMPOFX77
81,aavrahamov28@symantec.com,gelphee28,qU4{t'(
82,hgutridge29@angelfire.com,jbarden29,rY7*)60U~G`C
83,emaccolm2a@nationalgeographic.com,bsaville2a,bY0)l5c761
84,gmixer2b@hhs.gov,eerricker2b,hZ0=sPDbZ@5!
85,amatchett2c@last.fm,twaller2c,yY7&'LQ
86,ahayselden2d@wunderground.com,kfareweather2d,zJ0&3Y#YU
87,brosiello2e@about.me,ihacun2e,gS7!ROJa
88,rruxton2f@census.gov,ssothcott2f,wJ5/.CI6
89,rattkins2g@list-manage.com,rklosges2g,yE1}TDr
90,rbaggs2h@forbes.com,msimmings2h,"xN2,3e7OJ9Sz"
91,ttunnah2i@imdb.com,mbarriball2i,"sL6@yj""wY\("
92,abreadmore2j@squidoo.com,ezumfelde2j,oH4#$zO
93,dchicotti2k@google.es,bmarchenko2k,sU6%Y!~XT
94,zvaneeden2l@live.com,fcabrales2l,"pY8,p<Bc|N"
95,mguierre2m@dmoz.org,amallabund2m,xN6_xo
96,kclapham2n@tuttocitta.it,afanshaw2n,zY3}5EFO
97,crutherford2o@blinklist.com,agurling2o,"uC3!Hhttk""."
98,eratke2p@yelp.com,bthewlis2p,sL0%|ckW&CP
99,agolda2q@netscape.com,pburchfield2q,"cW1}~(""{Lj|G"
100,mtroni2r@prnewswire.com,rwyborn2r,zE4~/o
101,eringe2s@ehow.com,acrawley2s,"eF9'vx""{6"
102,lmanna2t@yahoo.co.jp,sodowling2t,zV5*vVsKnw>
103,mgoodhand2u@domainmarket.com,korringe2u,"aB5,+F"
104,owarlock2v@woothemes.com,sredmell2v,aI4&J_Q)'p!E
105,rturrell2w@oracle.com,vrugg2w,vM9+x#B
106,cfallis2x@over-blog.com,gpodbury2x,wQ1`Ss8F.
107,rsimla2y@symantec.com,bstummeyer2y,dJ2(`*@J@s
108,gjanout2z@miibeian.gov.cn,imckeaney2z,"bT5#?bOY2""V@"
109,tschulter30@paypal.com,fpawelczyk30,oB1{*U&u~u
110,mattrie31@topsy.com,tnelane31,wP3*<p6?Y
111,jlovelady32@imdb.com,mswash32,xU7}s.|=g
112,dwilkisson33@omniture.com,vbethell33,jZ4{/s5}
113,jgarken34@paypal.com,mspellsworth34,oK7)>A
114,pfennell35@google.com.hk,mspender35,rU3)/J
115,itomalin36@vk.com,hschoenfisch36,uJ3?P(?ewNK*
116,efortnon37@vimeo.com,bbulfoot37,tF9<9tX\Fc
117,previe38@weather.com,mbertin38,lS5'LL
118,amcgarahan39@ow.ly,rtrouncer39,hN3?t#0UTKcQ
119,cdew3a@nyu.edu,vhathway3a,qA9|hOU'=2
120,aculpan3b@auda.org.au,jmalyon3b,pD0`X_LR
121,cpray3c@stanford.edu,aney3c,"oN0).W_,"
122,sdenington3d@springer.com,fjamrowicz3d,tJ8{C}>W
123,glevison3e@mozilla.org,cspancock3e,dV4\QNzKK
124,nzollner3f@is.gd,pbeaushaw3f,nZ8{K#UXb%
125,alindenblatt3g@people.com.cn,ldomenc3g,zK4%1i+&`
126,rmilleton3h@simplemachines.org,dstairmond3h,kO9@Y$2r%2
127,crichley3i@free.fr,ayakushkin3i,mB5$}ahR?Z?
128,wstanggjertsen3j@smh.com.au,cdunthorne3j,jE4<hSrg
129,chuchot3k@china.com.cn,odrake3k,sK8#Kl
130,proux3l@statcounter.com,abalm3l,"pF7)Cb6R5""E>"
131,gkirlin3m@livejournal.com,abennet3m,pL4<{J
132,jgarioch3n@indiegogo.com,lfoye3n,tV3!0u/Rf&XI
133,bparrish3o@nymag.com,htoffolini3o,kH3{F@ff0r*
134,dwindous3p@odnoklassniki.ru,mseiler3p,"xY7,U>"
135,wbehling3q@godaddy.com,bleblanc3q,fM7{.lHt8
136,jselbie3r@businessinsider.com,vemblow3r,eD2`_eo0
137,mbullon3s@spotify.com,dcrutchley3s,gF4_kLN<
138,kphysic3t@networksolutions.com,fblaxton3t,pE2&YGKC
139,tgreste3u@ovh.net,cbaleine3u,yX3&frsa
140,rmacpaike3v@dagondesign.com,shobbing3v,iY8*Jf1nz
141,calyonov3w@utexas.edu,dgianotti3w,mL7+MCV
142,jmcewen3x@csmonitor.com,lfawssett3x,bK5{=PHtLXh
143,bsutehall3y@mysql.com,hellam3y,yE0*7cM
144,nfullbrook3z@scribd.com,jfullun3z,sA7'RF4!Ek
145,gbleue40@eepurl.com,dnorway40,pK3.O{Z/}=
146,gattow41@nba.com,lpierton41,sR3/=s0`CE4<
147,bespadate42@pen.io,lfesby42,sF2%)f0
148,bsanja43@narod.ru,ssimacek43,mI2(S#pqd
149,cleedes44@utexas.edu,bswan44,"iU3+("""
150,gpiggrem45@people.com.cn,kmoulder45,tG8'9Y
151,mcalliss46@mit.edu,jraffles46,eX3#HAokS~$H
152,cmichelet47@google.de,gprangle47,qU3(BEvlP/r
153,fbraunton48@imageshack.us,dlagne48,fX2|RKp
154,tnassi49@bbb.org,vcarlino49,jK3#`9FmX
155,ghablot4a@dot.gov,blambillion4a,nM9$pV8b5##Q
156,dfoldes4b@biblegateway.com,ahopkyns4b,zM6&.q
157,smorena4c@mac.com,sellacott4c,"cF0""$`5za"
158,istoeck4d@bluehost.com,zhatje4d,"qQ0,H1"
159,fwaterdrinker4e@yellowbook.com,cnotman4e,rF9_|BK
160,jsandbach4f@time.com,bstorror4f,dK5+%Rr0>BV
161,gpikesley4g@shutterfly.com,pverdun4g,fO1>tsFamtmw
162,ewilks4h@friendfeed.com,upembery4h,bS1~9l!g
163,pellerbeck4i@bbc.co.uk,nlangfat4i,uK9#qnA
164,tscurman4j@myspace.com,gbraine4j,"cV5,@c|~"
165,ffenkel4k@opera.com,ghooks4k,"hS6.?`,jL"
166,owaszkiewicz4l@goo.ne.jp,rwennam4l,rJ6?0F9kMJ0D
167,nwybron4m@hexun.com,abehagg4m,dU0}q\
168,dhenzer4n@netscape.com,lyakunikov4n,oU6@_$%uFl=G
169,tkinzett4o@wisc.edu,amccree4o,vI6'mND
170,candrus4p@redcross.org,hjagoe4p,dO9{=Vs#2
171,astarr4q@disqus.com,mduggan4q,kF1}DrU3
172,jrhymes4r@addthis.com,mbegley4r,"eT1@(V""QP3'/"
173,agrzeszczak4s@mayoclinic.com,jarrighetti4s,"tH5&7(,"
174,agrichukhin4t@example.com,hmarten4t,kL4~~n*zt+j~
175,mscibsey4u@vinaora.com,jabelwhite4u,"xO6""!MPd(eN"
176,epritchard4v@hostgator.com,jsurgeoner4v,sM9{=uNE
177,nocrigan4w@epa.gov,lgummery4w,hG2=vn9`
178,finsko4x@nbcnews.com,kbetho4x,"sP0,)`x`L"
179,adring4y@icio.us,bcolquhoun4y,sW0`81*Rf
180,rgritton4z@dion.ne.jp,lfurmston4z,iG2#DJHZ
181,jmerrifield50@reference.com,battoe50,jV9.Ia
182,tjaynes51@ebay.com,ddabrowski51,pP3~8XGF=
183,gfrederick52@nifty.com,jsnedker52,tH9<P.JGG$
184,vchaloner53@house.gov,ctremble53,"zG7\R,)B9lG"
185,tfuentes54@foxnews.com,dbonome54,xC5`4t
186,jnairne55@joomla.org,lgerran55,kF8?QF8O(T
187,cbalsom56@jalbum.net,vgilpillan56,lA7{iZ7
188,mgeorghiou57@mlb.com,braddish57,lR7@V7q<o/
189,ggrand58@youtu.be,sfisby58,qS4&1`O(6
190,bnoirel59@slideshare.net,haubrey59,sX7_vSCn
191,gswatheridge5a@netscape.com,tscud5a,pL8*%.
192,abonelle5b@imgur.com,adunton5b,sG6.Pnl
193,wmckeevers5c@smh.com.au,lduley5c,cN8~8(0?$2
194,bwressell5d@mlb.com,bhaspineall5d,cY9|1GK>D?
195,mjustham5e@mit.edu,qscanterbury5e,bX0&@!*!M
196,dsimonetto5f@reddit.com,ddawton5f,qL9<0Lq`<4
197,sbeston5g@wikispaces.com,smcclory5g,xU3\t/\vd}
198,cragles5h@ovh.net,jakitt5h,"jL9,L9\~"
199,msine5i@yahoo.co.jp,jast5i,tR2\MG9)({
200,rconstantine5j@baidu.com,fyushkin5j,iO1~<A<Mf1p
201,slewer5k@bbc.co.uk,wkettoe5k,nH3@u>Sr|
202,kosuaird5l@nasa.gov,lridsdale5l,qA5|4<>#
203,agarmanson5m@behance.net,bdunkerley5m,uQ9'0'
204,hsteggals5n@google.de,cpawle5n,oQ2?I9
205,pmennear5o@google.nl,ebest5o,"zL3`""D4m}bs5"
206,dtabbitt5p@utexas.edu,gwrightson5p,cR9/R+uE?$
207,npennings5q@cisco.com,lredmore5q,nU1%x/HLf
208,rscarfe5r@yellowbook.com,rhackly5r,"fC6""tpXa"
209,wharken5s@go.com,mweatherhogg5s,nO3\t!snQS!
210,mhaysar5t@flickr.com,mroyan5t,zL5`C\q
211,epostgate5u@booking.com,cbruster5u,kT2}Rn$G`Cg
212,sbolver5v@cdc.gov,dvandenvelde5v,rH4&C%*b
213,lbonny5w@newsvine.com,fhagart5w,zM2/>R
214,dcritoph5x@nifty.com,tbuckberry5x,gG8&?%!WP.
215,dmclernon5y@google.fr,gcrunden5y,"nC9""+l%p%"
216,mlevermore5z@cmu.edu,aroder5z,uU9!0Vn_AoH
217,dsmitton60@mit.edu,hshadfourth60,zG3?JV*13
218,kjeenes61@miitbeian.gov.cn,ctee61,hX7@P%I/rtb)
219,lsiemens62@oaic.gov.au,ilife62,uM7'lWd
220,cgeorgins63@wunderground.com,apedel63,fO2<&wXoAQ
221,rgarnett64@people.com.cn,dcockton64,"fN9""p{m@c/&"
222,mmccorkindale65@dmoz.org,tchrstine65,bQ9|u.Hd
223,gwallhead66@elegantthemes.com,rlimming66,iD9~tv\
224,cattenborough67@woothemes.com,cdundon67,cA0'&*'UJG<P
225,owestrip68@usa.gov,rdebrett68,yZ6\IYwLfW
226,kdarlasson69@t-online.de,mstanger69,jK5|Y}D
227,cparris6a@telegraph.co.uk,aokill6a,rT6}gWx
228,trogge6b@techcrunch.com,ydunn6b,oG1#sOrzFe
229,lhouten6c@ustream.tv,djewer6c,pX7%|2sdY
230,kumfrey6d@oakley.com,fvonderempten6d,lS4}9yQ@
231,tdelap6e@wisc.edu,stoun6e,lK8%rRsm_
232,tattoc6f@umich.edu,anatwick6f,hU6!e0
233,rgresser6g@g.co,klangford6g,"yD5""n{tz"
234,rcandelin6h@wikispaces.com,sbrims6h,yY9!YV`dfE
235,hmaier6i@omniture.com,dspelman6i,aV0>i_(ya0
236,ccommings6j@ow.ly,ckrysztofiak6j,yQ8<v@RUn
237,mbaroux6k@springer.com,askryne6k,jF9%9y
238,bniland6l@accuweather.com,grennox6l,eY4/*$M*d_&
239,hklimus6m@wunderground.com,adixey6m,nA8=72W
240,vkasher6n@usda.gov,browlatt6n,iG7_$/ME6ilj
241,abrackpool6o@seattletimes.com,mbroker6o,cJ4(fb
242,mfearnley6p@xing.com,sbiers6p,vW5`pd.!4/{
243,tmiguet6q@ifeng.com,ustedmond6q,"aR1$JA`,#nB"
244,akeer6r@tamu.edu,dcamamile6r,"iV4``~+g#'""v"
245,ltipler6s@xing.com,wheinish6s,rV0/c!PfB1p%
246,rhuguenet6t@squidoo.com,spleaden6t,rS1|'`
247,cgrzeszczyk6u@privacy.gov.au,mharmant6u,"eN4@>i/,F"
248,mconstantinou6v@vimeo.com,dfielders6v,bU8/F87x`k
249,gbraffington6w@mashable.com,nvinick6w,cT7*Gjs
250,dfluger6x@ocn.ne.jp,croulston6x,xD3{~ZY(yM
251,alabram6y@mapquest.com,zbellchamber6y,dV1_VBiIY'
252,scosbey6z@japanpost.jp,yphear6z,"nV7)S,H$OH<K"
253,pferreli70@yolasite.com,pmckimm70,kI7}eXaf*}(V
254,gdutson71@loc.gov,bfurney71,yJ3~Uw1fDa
255,jcarvill72@huffingtonpost.com,cwhittles72,nU1.uI8
256,tgraham73@tinypic.com,caspenlon73,fY5?Z/%YIE|
257,pcosgrove74@sciencedaily.com,gnethercott74,xL0'1B
258,tlevecque75@state.tx.us,mmerry75,"rW3%(""s(G4'"
259,kkendall76@yolasite.com,pgiacovelli76,"xP0<"""""
260,molivetta77@is.gd,vpala77,lZ4*e>Ne4
261,wmacknocker78@yolasite.com,blinder78,zG7.xx5
262,dmowatt79@gnu.org,gsymones79,wS7/q|q$
263,bhrynczyk7a@prweb.com,cmcclelland7a,"iS6""5RbUH"
264,aquilliam7b@ustream.tv,kfrankowski7b,"gW5""kd#O"
265,bgrieger7c@networkadvertising.org,dshurrock7c,vO9}/EuK|@(
266,scowsby7d@vkontakte.ru,dneesham7d,bA4~wk(
267,eevans7e@163.com,pspridgeon7e,hK1+6)10`<|3
268,gramiro7f@mayoclinic.com,vgirtin7f,bV3\W1
269,gattawell7g@biglobe.ne.jp,kclulow7g,nM6=<n
270,gliebermann7h@phoca.cz,dhamsher7h,mB7#)&!7
271,nbalaam7i@php.net,gsnowling7i,nZ9|{\D~<*
272,mpasfield7j@cbslocal.com,hstillgoe7j,oO8_Vt
273,nhousley7k@dmoz.org,tduding7k,"yP4/,xM"
274,rmoffet7l@squarespace.com,wferretti7l,"pA3.Q""x&"
275,dradley7m@hostgator.com,ahierro7m,mP2.`ho
276,fantognazzi7n@constantcontact.com,msidery7n,sZ8=(#3@EK
277,lragate7o@marriott.com,kdawley7o,eU6`(8
278,vmcghie7p@java.com,gstading7p,xJ4!\Gqq8frD
279,bwringe7q@businessweek.com,pshalders7q,zO1!i\OF/1r
280,ccarnew7r@pen.io,gwhittlesey7r,wK7\HIKc`a$
281,nlanktree7s@squarespace.com,krocco7s,qH9>JP*0i9M
282,rproske7t@cnbc.com,skings7t,mZ4*YbHkq
283,pfassmann7u@reddit.com,gallard7u,wQ9}E2Vl
284,pjamot7v@dion.ne.jp,ltrusse7v,"mI4<cSO""z"
285,aellacott7w@blogtalkradio.com,mpretsel7w,gG3_GR_I%U$K
286,dhitcham7x@gizmodo.com,kbeed7x,"oC7,1v%T"
287,cseine7y@marketwatch.com,nbasezzi7y,bQ8{.G6r\Y~
288,ycorkhill7z@bbc.co.uk,llyver7z,lG7?gX
289,bmeritt80@desdev.cn,karrowsmith80,uA2?\UD<w5
290,zseville81@lulu.com,ggwioneth81,"pB9{m""i~n<"
291,mtruesdale82@sourceforge.net,owalaron82,jW2_SgBbVC{
292,kkendrick83@whitehouse.gov,jlillegard83,zV1<\ST8
293,pmatthewes84@shop-pro.jp,thalesworth84,"lF8@ZO4N/,f@"
294,mbearn85@cbslocal.com,ecunnell85,iS3@L)=d0r
295,jcottey86@shutterfly.com,bhaug86,kG0|>*&@X8
296,kpurle87@economist.com,clindman87,jY5))tl
297,mmeiklejohn88@mozilla.com,wcovey88,nS0'fg
298,hduffrie89@smugmug.com,mdewing89,pO7?1WKD{<
299,rprazer8a@prlog.org,fredholls8a,tE7\Ag
300,mcharity8b@moonfruit.com,lcazalet8b,oR1{lQ|x_F
301,wdundredge8c@chron.com,wyuryaev8c,eD5~vX}8T
302,ehasley8d@naver.com,cmaher8d,"gH5,S3"
303,jdignan8e@harvard.edu,afairlamb8e,bN9#\lJt
304,lbethune8f@wired.com,sswain8f,bJ8%58Ns!VFN
305,rmartellini8g@ucla.edu,amullins8g,rC9+V3
306,dreame8h@webmd.com,rgluyus8h,kZ4#@qm'4
307,borrum8i@mtv.com,cmanneville8i,wB5{qO9YvPN
308,sclerke8j@t-online.de,mby8j,vB3_$P\gY|*
309,fdiroberto8k@usnews.com,amcowen8k,lJ6%nd
310,wallsworth8l@amazon.com,jfrancello8l,iD5!r9J$_9p`
311,cpeirson8m@typepad.com,dkirkpatrick8m,uJ0`5Ky&1V
312,agilluley8n@livejournal.com,tshore8n,eK3$R+qwhQxW
313,llicciardo8o@ft.com,etomaszewicz8o,uY5+dFJbLIN
314,steanby8p@dell.com,wdimmer8p,nI4$IH
315,cbaddam8q@zdnet.com,awelfair8q,qP6?g.W
316,mblackleech8r@google.es,blyston8r,"cZ4,SMr}~H"
317,eorafferty8s@twitter.com,gmcpartling8s,mT7(MO)tj
318,nbidgood8t@uol.com.br,hmorbey8t,dQ9?=5
319,mfrogley8u@columbia.edu,kgisbourn8u,"yK7="")29"
320,oajean8v@latimes.com,cevensden8v,rL8$mN
321,mmarlow8w@gmpg.org,rgoodban8w,"kH6*,K~|y"
322,mwhithorn8x@fda.gov,mridsdale8x,hP2/zhE5R
323,kdoog8y@tuttocitta.it,dbolus8y,"kH8""sH"
324,jhuckle8z@photobucket.com,lcaldaro8z,qH7<kr
325,eatyea90@dailymotion.com,vflorez90,pD7%5g7jj++
326,cmacinherney91@senate.gov,rcrottagh91,"iB4<hz""n}A`"
327,tpeckett92@slashdot.org,regre92,tT2&Vy9
328,bcroser93@answers.com,cslane93,hO1>=GO
329,emarston94@ox.ac.uk,hsolano94,"uV6,Uk8h4u"
330,wwordsley95@businesswire.com,vsifleet95,mC8*m+
331,mguyonnet96@ihg.com,rchatband96,iP8_F%\<
332,lscotford97@yellowpages.com,ngotthardsf97,oY2+|#BMm<r%
333,jdutson98@yellowbook.com,lmccadden98,xK7@}l9pUx8
334,emitchell99@cpanel.net,ftomalin99,"dF0,Hr("
335,zmatyugin9a@ehow.com,ctingle9a,cY6)</tbSLH
336,hkeeley9b@eventbrite.com,lstoddart9b,pO0\.I
337,achang9c@ebay.co.uk,gkennewell9c,fF7|P$kS
338,rmcelhargy9d@usa.gov,flandrean9d,lN1#$SY
339,llongwood9e@cdc.gov,sfirle9e,eN7@H0p@2
340,rgreenacre9f@bbc.co.uk,cpetronis9f,cE6<2\nP't
341,fwills9g@mashable.com,tdeacon9g,iH6<A'CTL{
342,ekobke9h@admin.ch,lmanuello9h,"qA4=""~5,&D"
343,hocurrigan9i@com.com,magent9i,nX3#pU}(
344,cpaolini9j@privacy.gov.au,dbalog9j,"qQ5,&4krxDDD"
345,cdaltrey9k@ucoz.ru,tkerrich9k,"fO0,9j(6"
346,bkun9l@netlog.com,mrowthorne9l,rH8<qwEW?I
347,aollis9m@last.fm,rriccardi9m,mN4}<~=(
348,icruxton9n@angelfire.com,igaratty9n,mT6~(1_jNgU!
349,tdana9o@nature.com,babbatini9o,dD7``=G@4
350,nchampionnet9p@about.me,mdonohoe9p,"oW4""'Vw""A"
351,hthomen9q@japanpost.jp,ctewkesbury9q,"bM9(=c~0biq,"
352,zheindrich9r@economist.com,bcasserley9r,uX3/?#(yp
353,telphee9s@lycos.com,bmarzele9s,mK6<89
354,avanelli9t@examiner.com,jturban9t,dX5%UJ}
355,cbiaggiotti9u@bbc.co.uk,averrills9u,mO1=`YYv
356,nkillough9v@g.co,gbeasleigh9v,nK6>lMqMTXQ
357,slivick9w@wordpress.org,chazard9w,lT6~Y/Gy
358,ngabbitas9x@skype.com,mmatiashvili9x,eZ6)xI*\I{
359,uhardson9y@hostgator.com,aswadling9y,"iI9),\7L>."
360,hpritchard9z@deviantart.com,eeastlake9z,cX6(goPm!$)
361,jbrooksbiea0@pen.io,nbristowea0,rR1>ul
362,mcamellia1@joomla.org,dbridlea1,bP4}=.~xv
363,pozintseva2@weibo.com,agardnera2,"dS9,0hP6E%"
364,kmckunea3@woothemes.com,alilburna3,uS1+*6g`$9Z`
365,lgalliennea4@latimes.com,tondrouseka4,rM2?8(
366,vlutera5@dell.com,ggrollea5,uJ8{=bw
367,hholburna6@kickstarter.com,vgehrickea6,xL1+XL%=S
368,abarnewillea7@mediafire.com,lchatresa7,mF8{B~
369,rfeyera8@home.pl,lickovica8,aD3@|Dakz
370,askivingtona9@prnewswire.com,vlaurenta9,sT9&ZD
371,adicheaa@admin.ch,acornelisaa,aW9@UO9
372,aespaderoab@ox.ac.uk,kdrabbleab,xH3.8yP
373,dhawlgarthac@springer.com,sdaftac,oC4@K&
374,hcohnad@photobucket.com,twaithad,"aK4,4Q1WWD7"
375,hgrisewoodae@kickstarter.com,tboomeae,qG8?s+??{
376,emaffyaf@hc360.com,mrodenaf,"sA2),+YIgbC/"
377,vwevellag@mediafire.com,pskoofag,uZ3(>LLK%
378,kjizhakiah@webeden.co.uk,bteeseah,xH1_REk2A{5m
379,jhurllai@squarespace.com,rfrankcombeai,iN9.6!`)
380,mvannaj@ow.ly,lduffellaj,pB7\?.Sj
381,agaulerak@ucoz.ru,amathonnetak,mC8(9EdKCp
382,gsuddockal@samsung.com,gbampfieldal,tD0=5wQx*
383,lduffanam@alexa.com,cfatheram,aI8{h{aD\
384,bbachmanan@house.gov,lforrestoran,cE8+LpB.
385,agowerao@howstuffworks.com,bcharlickao,"aR9_,NnmsY"
386,hkempap@chicagotribune.com,etrevershap,dS5#m`ZZ
387,cboyetaq@microsoft.com,jremirezaq,jT0&GjDKo%3
388,bdessentar@fema.gov,srawdallar,mT0~st}
389,arapseyas@rakuten.co.jp,colliveas,kU6*PX.9)>70
390,mbiasioliat@deliciousdays.com,hthorroldat,sU1~2Oa{V6
391,abaskeyfiedau@sitemeter.com,ryoakleyau,yR2&rh8e@y
392,fpizzeyav@arstechnica.com,bbeadmanav,iJ0>U5LBit{
393,aotierneyaw@java.com,mtrittonaw,dL1}XEm25RlF
394,hnobleax@reddit.com,jabellax,eP5\<vIoda
395,kbartoszekay@umich.edu,nlonghorneay,"uI9+2J""+"
396,ggrevelaz@eepurl.com,gandricaz,tR3`8lp
397,nshanahanb0@jiathis.com,gmerrileesb0,kM1}LmJ5yX
398,ojunkisonb1@samsung.com,celsayb1,lF9?GG}aP1
399,thasnneyb2@linkedin.com,flinseyb2,oY3|hXuMl
400,mmathwinb3@about.com,bbessb3,"qY8_*ri6w"","
401,cedkinsb4@seesaa.net,dbeaumentb4,bV5@Fp+!Y
402,mfurzerb5@zimbio.com,ctresiseb5,qE0).G6v
403,tmcconnachieb6@linkedin.com,aliddicoatb6,iU6/3K6K)8bY
404,ekingstneb7@github.com,nwhittockb7,"bS2`Q,"
405,elowfillb8@wikia.com,gdalyb8,kJ2./r
406,foswickb9@tripod.com,mdunridgeb9,bS2&<Q+1/7ND
407,whullerba@domainmarket.com,thowlettba,yV4?\qR85zl
408,fmardallbb@deviantart.com,fwiggansbb,cY8?d'lJ+_1)
409,gmilnebc@uol.com.br,ssabenbc,zS4`vkD(%5
410,jconnellybd@plala.or.jp,ogrendonbd,uS7\gNIO|jSo
411,chardwickbe@homestead.com,nmusterdbe,pJ8(ytms(+|
412,vpablosbf@ezinearticles.com,rritsonbf,jG0(%ajq
413,aquineybg@github.io,maddeybg,cC4|DRlc
414,csevillebh@cnn.com,bfairholmbh,pF8'w.}IT#4F
415,sstoggellbi@dyndns.org,trolinbi,vN1?~op{i?!i
416,smcguineybj@rakuten.co.jp,ncreberbj,"zX0,HY1@"
417,iasselbk@pcworld.com,wstoppsbk,yN7!QE
418,dcardenbl@pbs.org,sabramchikbl,"xB3@|zw"","
419,pfisbybm@arizona.edu,mpeadbm,gV3?{oOzy
420,igudgionbn@dailymail.co.uk,mlavellbn,yU6(57i%kR
421,rdockwrabo@etsy.com,rsalmonbo,vJ5#&NwN4y
422,hcranstonbp@walmart.com,hwillasbp,"uY9""qp}="
423,chydesbq@flavors.me,lmeltonbq,pG4\a!`
424,padamidesbr@cbslocal.com,agablerbr,qV3?oUyH`
425,dugolettibs@acquirethisname.com,bbloybs,uU1!OPv!Rmv
426,kdimitrievbt@arizona.edu,anorganbt,gQ8!0'TWHz
427,rreadettbu@statcounter.com,rjammebu,qP6}>*8e
428,tledwardbv@skype.com,lmarfieldbv,bX7>|.M
429,bmazzillibw@ning.com,bduffetbw,jV7>6/6~0w
430,debibx@abc.net.au,ltidswellbx,uO8`E/#
431,vbartolomaby@engadget.com,kmillsby,"pL1_k|lyQ"""
432,rmoremanbz@flavors.me,bearrybz,yH7_%/
433,sennewc0@ezinearticles.com,krosenzwigc0,lH8!Fq
434,tkenchc1@google.de,kwatermanc1,"sW3""IrDf"
435,ldrucec2@t.co,mhelleckasc2,oY3|8lfaBSaS
436,fmaclesec3@nyu.edu,cvarvarac3,aJ6{Kgd
437,uradcliffec4@mail.ru,troachc4,iP7>qaW}
438,dwelberryc5@friendfeed.com,nhackingec5,lW8$$#&
439,gdranfieldc6@illinois.edu,mlinnerc6,dZ9!&#>`q
440,kscourgiec7@hatena.ne.jp,cbolfc7,bL6)J49C
441,hthurbornc8@hud.gov,vmaypowderc8,wX0'\0T)G
442,lgosnoldc9@icio.us,mshackelc9,zZ5@nn_=E3?
443,smingardica@bbc.co.uk,cstrothersca,lI2.(jo!>S
444,psimcoxcb@sciencedaily.com,nlimbournecb,cA8/<6l
445,relbourncc@163.com,vbohlsencc,sO7(dDl6bzd
446,kkimecd@princeton.edu,dorsicd,bI5_Vi#YVK.H
447,kchewterce@live.com,bjelleyce,tC0@'+6o
448,fbrashcf@nsw.gov.au,dlittoncf,"aC5/O5#,v"
449,dcocksedgecg@pbs.org,sbuntencg,gK7<w*H!d<a
450,kwlochch@bigcartel.com,jantoniouch,eU6!EP|B1UV
451,cwebburnci@slideshare.net,mderwinci,tP8+.3uSlYb
452,mlongshawcj@cnbc.com,hsibuncj,"yS3?`|,R$#K"
453,cpallyck@dyndns.org,pspellingck,"yJ1=_,+mj$"
454,nhalsworthcl@whitehouse.gov,dpagdencl,vA2'(I`$P6BN
455,gsegocm@histats.com,lhuggoncm,xE5!iW\gsf|
456,mcarnecn@bing.com,elongbothomcn,fH7)i!M?DDq
457,shastco@hibu.com,cbatrickco,aY0~oz
458,lemersoncp@umn.edu,elebangcp,bF8%bs$0JFwA
459,akyndredcq@i2i.jp,mjanssoncq,aF5{w_)}@
460,bmarfecr@opera.com,aandreacciocr,"xK1""_Z"
461,bboolsencs@prlog.org,erichlycs,"mX5>n,|{p"
462,eblindmannct@aol.com,dbennyct,cY5%T0(H)KMW
463,jmillottcu@google.it,brobelowcu,oR5`w**9Pw
464,wharrowingcv@yahoo.com,cgeorgesoncv,aQ0#f%>6bdY>
465,kyuillcw@dropbox.com,mlehmanncw,cS0#$nB
466,ereicharzcx@tmall.com,wkennoncx,vU8?`KZz
467,ljerdoncy@alexa.com,gweatherscy,"oR3'XY""Z*"
468,crannaldcz@freewebs.com,gpautecz,lA1_B1
469,dmaccaddied0@prweb.com,mmcspirrond0,uY9}aD
470,ataped1@wikia.com,wdwellingd1,rU5|xaJqG
471,tgroundwatord2@xrea.com,garnoldid2,vB7_qWtPnt5
472,lvasquezd3@umn.edu,cmaccaddied3,hQ0&SwwF/nZC
473,mmacgilmartind4@joomla.org,ctymd4,zC2@B4jocS
474,rbeneditd5@latimes.com,ylatchd5,mX7<kZX
475,usollnerd6@go.com,astubbleyd6,gI1*QB
476,teckertd7@ihg.com,sguyonnetd7,"fI5/~OW(P,f"
477,dstenbridged8@ucsd.edu,smcquaided8,bI1\|A*hE`
478,jsmellied9@hexun.com,afeatherstonhaughd9,vE5}ljX
479,lkaiserda@skype.com,bosemanda,yS0_OgNlO
480,mhadyedb@hubpages.com,kkeysedb,cY9=|D#1
481,mblakemoredc@reuters.com,llongmoredc,uR8%TK
482,sgoodwilldd@i2i.jp,natackdd,"sQ9,PfEzK"
483,ralcidode@usda.gov,pstrettellde,iX8@lK
484,kcabenadf@narod.ru,lmageedf,aW3%S6Ccpe
485,mtakisdg@infoseek.co.jp,ksimperdg,fB0)=2
486,sbrunondh@freewebs.com,ccallendh,vA6_&e}/k
487,nnewcomedi@example.com,mspinellidi,mS5+Y3uSi>_z
488,ckynmandj@parallels.com,mbimrosedj,wE9!F\|vfr
489,tnatwickdk@slideshare.net,mquinceydk,nA7+XKW*
490,osoeirodl@noaa.gov,nminardsdl,sM6#A\V6G
491,ckeenleysidedm@mail.ru,ccogandm,"yN0,di4"
492,aadlingtondn@sourceforge.net,gwedderburndn,bV6_JL$_koS
493,rsipsondo@weather.com,ohaberjamdo,oP9$/%
494,wcolbrandp@hibu.com,fdorrodp,iO4(168dH
495,acoucherdq@home.pl,njosephoffdq,rZ4`)$+w#qE
496,tplummdr@bbb.org,mhellwichdr,xI7&8S}
497,bsteckingsds@fastcompany.com,abourchierds,oT4!QE@z
498,fcranneydt@ucoz.ru,ditchinghamdt,oZ1('B
499,rbertelmotdu@deliciousdays.com,bdummettdu,cW3&fw
500,ddowdv@dropbox.com,lnormanvilledv,nM9$Y1@c
501,ohulburtdw@huffingtonpost.com,fcondydw,"dF4'aM*""(D4"
502,beveritdx@skype.com,tbergeaudx,pS3#s9V`RkN
503,csperrettdy@blogs.com,kpeintondy,rT5{POJ
504,obulleddz@soup.io,acapplemandz,jS7(MJ%b@+)
505,malldridgee0@narod.ru,pcoppearde0,sV9'1<Z
506,rkibbye1@paginegialle.it,aleirmonthe1,lZ0#oJ2|(i
507,smckinlesse2@symantec.com,anappine2,hM3~GY
508,ekestevene3@hibu.com,bcordere3,eO1#KtS%
509,ymckeaneye4@mlb.com,vbabine4,iR0`<}+IZJ4
510,mschulkee5@seesaa.net,rgeraldoe5,pY2}YPv
511,blucae6@desdev.cn,sworkmane6,"zS2'h.q""fa"
512,gizkovicie7@unblog.fr,vharmare7,bB5*IgH
513,anorthame8@rambler.ru,kmabene8,yE8=Jb+$c
514,mjorgensene9@google.com.au,cdoggrelle9,vE3*/j9MaT<K
515,tschuttea@prnewswire.com,jaberdeenea,bU0_BMVpRYn~
516,fmatyushkineb@ca.gov,jbirbeckeb,aY6&r%hXz8F@
517,rmaccaheyec@g.co,chartlandec,fT4&ZS$l'
518,acreaseyed@oracle.com,jhartzenberged,"qQ6""uFwWk+2="
519,kmithunee@eventbrite.com,echapiroee,qW8>ASeCB
520,mpickvanceef@w3.org,atredinnickef,zU3=IVNLf%{S
521,bsaladinoeg@furl.net,dscandrickeg,fY7|X4N
522,fkelsoeh@chronoengine.com,cpirroneeh,"tQ5""FSi%J\m0"
523,elednerei@mashable.com,ekinnyei,mX2`1XH>
524,tkeppinej@mit.edu,omallabarej,"iT1*6Q,"""
525,khyndesek@nps.gov,smccreaek,qT7}W#Vn
526,bcraigieel@google.cn,ksarneyel,yZ0%&d+u
527,bbartoszinskiem@reuters.com,zcoggonem,cK3%6Qi
528,bclercen@cisco.com,bcastelijnen,cZ7{69>8a8tc
529,jambrogettieo@example.com,amilehameo,dY0*lL
530,smurraep@reuters.com,ppingstonep,dD2/FF#M
531,ppryneq@instagram.com,swarrenereq,hM8}k+i
532,tmathouer@ezinearticles.com,burianer,pA1|y/Kng&
533,nhookes@vinaora.com,susherwoodes,mH6|JY<6p
534,aflatheret@xrea.com,ovanyardet,kX8(7P
535,amephaneu@mlb.com,mborriseu,"zY7)FiR3,2m"
536,afullardev@simplemachines.org,igreenhallev,vG8~j$@TBss
537,rmarneyew@tinypic.com,onarducciew,jV4<IW@l!
538,ctregeaex@yolasite.com,lgulleyex,zY5+@Y)
539,rdupreey@t.co,ykingsey,"aM7""{Pd8"
540,llittleoverez@cam.ac.uk,ftuhyez,xC8!2p|Z%Kw
541,ajevonf0@github.io,ctinniswoodf0,qJ2~p\22NG<
542,jwermerlingf1@redcross.org,abroadberrief1,vS6}dl6{d|
543,mhancoxf2@twitter.com,hhenrif2,oG5.`6\4C
544,nkinseyf3@diigo.com,ahulkf3,oT9$M)h
545,nheggadonf4@domainmarket.com,clabromf4,mD3?v/z
546,egorcef5@tumblr.com,epaulettif5,xW8$GSHH
547,dmacruryf6@engadget.com,sangoodf6,gC3}o#IIth
548,tpressmanf7@nsw.gov.au,ckrienkef7,jI7/_~
549,fcockmanf8@oaic.gov.au,ffrizellf8,kA3.W/
550,dminettef9@google.com.au,hhallibertonf9,jG3>ACfQf
551,aharbinfa@cnn.com,ntredwellfa,zW0$n56EZ)
552,sduplanfb@facebook.com,trowledgefb,"pE3""M,7Hn"
553,agratlandfc@usa.gov,bbasiliofc,aF2<Z@
554,ffroomefd@amazon.com,dghionfd,fF5*O4
555,ebleadenfe@bizjournals.com,hosgarbyfe,oQ7~a!0
556,umowsleyff@cafepress.com,vcleaveff,aN2$5wRpZ3
557,jbunstonfg@disqus.com,thumberstonfg,uJ2)gT`U?p`
558,aaxupfh@tumblr.com,gflippellifh,gN3|b0#J8ELY
559,ccamierfi@java.com,cnafzigerfi,aR3|VZd%
560,tfeachamfj@ustream.tv,fklimkovichfj,gS9&+*
561,tgraalfk@constantcontact.com,rdanovichfk,zA9>!IMc)u
562,dfairbracefl@clickbank.net,aranyellfl,"oK8}*?x/""Y"
563,fscrimgeourfm@bandcamp.com,lhartellfm,eC9`8&{VgcJW
564,epreddyfn@shutterfly.com,bdalmonfn,sA9`e4nk*v6h
565,esquelchfo@nba.com,wmcindoefo,"sS4""SLaHr"
566,jchomickifp@trellian.com,nmacconnellfp,nI6/Sx
567,mcogarfq@comcast.net,rmalacridafq,bM5>wxDp$op
568,togglebiefr@vkontakte.ru,jhallgatefr,vS4+wF3Rdp\i
569,prumseyfs@infoseek.co.jp,avanyashinfs,"cX7*w<ed,@a"
570,rmoxtedft@accuweather.com,hjewsonft,lC4)Q`&mNI
571,mmayzesfu@exblog.jp,ctockfu,dH0*U#w3UdGl
572,gdecortfv@liveinternet.ru,idechastelainfv,"aL3\,*~D<X"
573,smacenzyfw@sakura.ne.jp,kwindhamfw,zG0!RENw
574,ctrusefx@flickr.com,kbernardonifx,bY7'#ID
575,btremlettfy@telegraph.co.uk,madriennefy,iR2>#yfHBca'
576,mouchterlonyfz@clickbank.net,dbridelfz,aH1>s}DVz3
577,chadrillg0@virginia.edu,cratkeg0,jM1_0OyIM
578,dshearmeg1@instagram.com,btenniswoodg1,rJ1(mrDg
579,fsearlesg2@hexun.com,zmalickig2,yQ0&h0jc
580,tmccarneyg3@bloglovin.com,ttyddg3,aF8$FVU&
581,nbeckeng4@java.com,bbustong4,sV0{euc3
582,lparsleyg5@freewebs.com,javrahamovg5,nO3<3G
583,ksadryg6@myspace.com,bweedenburgg6,hD8~L1<
584,gpowdrellg7@geocities.com,lwilloughbyg7,mU8?BGavW
585,bhelling8@networksolutions.com,cbampforthg8,wW5|d%Y8I
586,wvandeveldeg9@biblegateway.com,echristleyg9,vP6|3?
587,lletfordga@narod.ru,gwhistlecraftga,wL6}5}J
588,aeverettgb@china.com.cn,mvigrassgb,wK6'0r4HD
589,llemoucheuxgc@biblegateway.com,hbansteadgc,gO2>=_
590,ctybaltgd@china.com.cn,cfloodgd,yJ1+aHbCz&F
591,kpumphreyge@hao123.com,jtewkesburyge,mX9(`UFu92
592,eseersgf@themeforest.net,kamyesgf,rG0{b%
593,abartlemangg@artisteer.com,pwoolfittgg,dG2=s=~WpItJ
594,aofarrisgh@parallels.com,aropergh,wK1?C?!
595,landrichakgi@netvibes.com,jchesongi,"mG3=Bs,QM"
596,eforthgj@nytimes.com,cpevrealgj,"pZ4<!sk""zkV9"
597,bpiontergk@washingtonpost.com,dhallahangk,oP7*7Isr}sE4
598,ablazygl@ask.com,bmoxtedgl,fO6.e$%
599,glehemanngm@github.com,htrytsmangm,"yA1""fMsc"
600,abillingsgn@army.mil,randrockgn,rA0%=J\1
601,bborlesgo@google.com.hk,uschollinggo,bW5%6KUl
602,ebutterygp@bing.com,rstaddartgp,jM6%#WR
603,oclealgq@deviantart.com,cmynettgq,hX9#5%JjuknR
604,ndavittigr@smh.com.au,ccrossegr,hP5{M8SNFsfJ
605,gfrenzelgs@jiathis.com,cstyangs,"vC4,QzyR"
606,jrivalgt@cbslocal.com,rpettittgt,pS0|Z9x
607,bedinburoughgu@usnews.com,mguagegu,iD9+gc
608,aesherwoodgv@economist.com,mlangfittgv,uH8~bpOn{t5.
609,ascarlettgw@elegantthemes.com,ubeggangw,lN6!h+nXA
610,tkrystekgx@google.de,sbyffordgx,mO0!D.
611,agirardotgy@jimdo.com,atullochgy,"uC1#wE"",D"
612,cprielgz@walmart.com,hipwellgz,"sL8*z())""@r"
613,dbarrieh0@prweb.com,hmilliganh0,nF3$r5OP
614,gszachh1@salon.com,rcockshuth1,nA1!>K
615,mturfitth2@mayoclinic.com,keverwinh2,tN5)It9
616,aenrichh3@deliciousdays.com,bcrixh3,zU5`~Uu9CN_
617,wfacherh4@google.ru,nisbellh4,"qG4),K"
618,rshaeferh5@bing.com,rblitzh5,tS6+6rHpyJpP
619,kashardh6@unc.edu,edamatoh6,yN0|YW_l#jL
620,bhousleyh7@berkeley.edu,iroysteh7,oF3|aDZhe\~A
621,mschlagh8@unc.edu,lgonningh8,vN2{AhKjd5
622,ccurdsh9@businessweek.com,bskellionh9,"pK8"",NcJ9)2q"
623,ebenitezha@sohu.com,rlebrunha,wB2{99
624,dlamasnahb@wp.com,eblenkharnhb,cK1\qscmV*D4
625,bmorricehc@mtv.com,dmcatamneyhc,qK6@#jbv5%JD
626,hruslinhd@dailymail.co.uk,taucoatehd,lB8)8FAb
627,tjefferyhe@friendfeed.com,cboatswainhe,"fW4""za4"
628,csmethursthf@51.la,ayukhnevichhf,uJ5|+<BGQk$B
629,cgeillierhg@nps.gov,rchesserhg,vL3`9B>
630,jormesherhh@marketwatch.com,lsambrookhh,hF0%I0JR
631,jspadarihi@artisteer.com,cbrockhersthi,qQ7%1|
632,ehackethj@foxnews.com,esipsonhj,yX3{Ji<
633,nwalbrookhk@chronoengine.com,oriefhk,"aX8?vkE=&,"
634,bdawehl@behance.net,tpautehl,pT8<u+
635,neggershm@about.com,lpiatekhm,bD9?a?
636,pcockremhn@twitpic.com,mcorbitthn,hF0*WI6m
637,hnorcrossho@hubpages.com,ddisdelho,hY3\1ovTig
638,esanciashp@myspace.com,cpickstonhp,aT0/~EO
639,gassadhq@dagondesign.com,jbraddhq,hW9?r@0oRxR@
640,emcaleeshr@123-reg.co.uk,agurryhr,wQ6*<F#~VF=@
641,vgirogettihs@skyrock.com,ebuttreyhs,nQ2%'Z}
642,agelsthorpeht@forbes.com,kstovoldht,"gD7""AWAH66o/"
643,gmuffenhu@vimeo.com,adrewshu,bQ2$x85a
644,mmerveillehv@rakuten.co.jp,roliviahv,zL1#QTkq
645,jsignhw@biglobe.ne.jp,kgoodinghw,tI3(d/
646,mchastanghx@sbwire.com,fscroytonhx,bJ4\G*~ec
647,vglisanehy@microsoft.com,atrayhornhy,"mY8""a{pX9y.>"
648,cwilsteadhz@theglobeandmail.com,sruprichhz,"lG7)""\N,"
649,hsollneri0@google.com.au,avowelsi0,gA7<md2@Bf_
650,ebleackleyi1@cpanel.net,pglenisteri1,"rW3#1%n,TA"
651,vbaildoni2@irs.gov,otredgeti2,qW9=~E/(
652,scriplei3@t-online.de,cbickstethi3,"mV8>4}_X,Y="
653,gbullerwelli4@google.nl,rcharopeni4,zP1`v~!3$
654,jmackneyi5@wikipedia.org,lfehelyi5,zH4$/\&nh
655,lbutchardi6@pagesperso-orange.fr,msollitti6,eG7`BO
656,mstowtei7@lycos.com,mumfreyi7,sI8$?/s>2
657,ibeabyi8@msu.edu,csherwilli8,mB7_Srr
658,emazzillii9@sitemeter.com,kmillari9,xA2{+#H'C@G{
659,aalvyia@taobao.com,osalmonsia,hK3!8g823F*
660,clampensib@istockphoto.com,sblaiklockib,rQ2!Pi5s
661,ihanhardtic@spotify.com,twestcaric,fI9#5nZh*
662,gcorrieaid@prnewswire.com,vlindoresid,"pK1{*,&&M"
663,inorkerie@phpbb.com,cjaqueminetie,aO5~2qp<c
664,datkirkif@bloglines.com,mmottinelliif,"iT1\*Xs8,"
665,jkiezlerig@fastcompany.com,kcarcassig,vG3/OF0{
666,cbythwayih@ifeng.com,mwithurih,fG9+p~f|b=01
667,rmcentegartii@businesswire.com,khenmarshii,tX7#}p8O7bq
668,eredleyij@soup.io,sbragancaij,qO5)4M>7
669,hbickleik@bloglovin.com,kcovillik,eJ0`pyTJ
670,cwillshawil@pinterest.com,gkempstoneil,lV3&H8=&@QD5
671,cstopperim@unc.edu,fmatzaitisim,vX9}Qf'6J>ku
672,kjorein@imageshack.us,mcostockin,cY0}w)WaO
673,danscottio@blogspot.com,abardellio,"aZ2%H5~/7%"""
674,aisherwoodip@wikia.com,kstampsip,dQ1\6%7hP
675,credwingiq@usatoday.com,sflasbyiq,mR4?GEwy5
676,ddikleir@sogou.com,gwestmoreir,zS2)$WmG
677,nbradyis@sourceforge.net,rdowneis,hK0.lQmi>nhP
678,zrossbrookeit@tinyurl.com,jstoeckleit,"uL7,whE`or"
679,ismythiu@ucsd.edu,lskrineiu,rC8}2+
680,bgibkeiv@ebay.com,swicklingiv,oV1|QVV$3
681,dricheliw@hatena.ne.jp,kmcgrathiw,"dY2`""8d"
682,btanguyix@harvard.edu,teneverix,bY4<t_UE
683,nlevayiy@exblog.jp,rfenimoreiy,"iG9'',2"
684,lgoscombiz@gravatar.com,bsteneriz,mY0=s*(M~0S
685,acleftj0@wordpress.org,hhabletj0,"bX7""js"
686,asmeathj1@histats.com,wleanj1,gB9'kZMyL)
687,jflaubertj2@sun.com,jgilbanej2,"rO1""_w"
688,bwreakj3@washington.edu,asansomej3,xV7#pJ
689,dfassbenderj4@paypal.com,lrraundlj4,aG3+A.v
690,mkittj5@cargocollective.com,bduffiej5,"uM3,nwPQ"
691,ksweatmanj6@newsvine.com,dkearsleyj6,uP5\Cf>`E#bs
692,lsavatierj7@apple.com,rstalleyj7,dE0!Aa#fdKd
693,mtomsenj8@privacy.gov.au,kmartinhoj8,cQ1<E}Q23Qgr
694,llaurencej9@unesco.org,sstarmorej9,sC2%!sFhmVG
695,hmonteathja@godaddy.com,aduryja,xW8#.i
696,gtwitchingjb@networkadvertising.org,adallanderjb,tX9<5.=
697,ttonksjc@apache.org,nbanasikjc,"oO0`Z3z>""K$s"
698,ascotchfordjd@answers.com,bharlockjd,"jS9""HZ"
699,kmackerleyje@google.de,sshalcrasje,iX9`GGWF`q
700,rthoroldjf@twitter.com,ckohnekejf,zP4@7fZ6m
701,vemmertjg@indiegogo.com,dpaternosterjg,sX8*+veClMh
702,fpatshulljh@weather.com,nzemlerjh,"tX8""dV/(5lGv"
703,eroiznji@miitbeian.gov.cn,srosieji,hX8$%)3G
704,rrobinettjj@nydailynews.com,fmerteljj,jO7@|H5+Lt
705,baleksankovjk@livejournal.com,tcouparjk,kQ5%BNt2n1'
706,cfeanderjl@pinterest.com,gcescotjl,"oX3""S<!Snr8b"
707,traselljm@jalbum.net,aspaduzzajm,fC6_NSCP'
708,eheartfieldjn@myspace.com,vcadoganjn,"mE2|""`e"
709,jburgherjo@army.mil,jnutleyjo,kD9@Cr1
710,gwadelinjp@businesswire.com,krocksjp,"wL4""'M*lL*0"
711,vpunchjq@discovery.com,djenkinsonjq,"pX7,aeIe"
712,khuglandjr@xrea.com,jmckibbinjr,iM2=YX43!
713,kosoriojs@cocolog-nifty.com,fsrawleyjs,rA6_6E!
714,jfaintjt@wikia.com,mduesburyjt,wK1>8j
715,dwytchardju@unc.edu,crevillju,wC5&*vnuM
716,kromainejv@thetimes.co.uk,swedderburnjv,"tT2*E"""
717,dsimcockjw@psu.edu,lsavoryjw,"zR1@025l""ik?"
718,gsaffrinjx@oracle.com,wharpurjx,gS5}gOQz8
719,tgallonjy@dot.gov,ktyejy,kW2`eDE~0zc
720,kwordingtonjz@ucoz.ru,fvasinjz,eL6@?kJuUIEk
721,rdoreek0@freewebs.com,sdearthk0,"lY5<Eq#,1IN1"
722,jtraskk1@joomla.org,rgainsburyk1,qJ3}VIN5
723,ddyballk2@japanpost.jp,bjouhandeauk2,tV7(k7/!
724,lcrevyk3@google.co.jp,eburnepk3,"jP3~`,bLp#"
725,learlamk4@squarespace.com,aodoghestyk4,kC1|z`n<1
726,fcrisellk5@thetimes.co.uk,bnormanvillk5,hL9=Lqx\>H
727,aludmank6@mapquest.com,tpaquetk6,"hC2'4o\ld,%~"
728,rbenesevichk7@pbs.org,lhartek7,iH5/3}'tzA}
729,djanzk8@slashdot.org,mpaffordk8,iB1*s>Yn!a6
730,ostoddardk9@cnbc.com,lleank9,yM2|5eT@$q
731,hwrenka@skyrock.com,cferrottika,bZ0!~rK
732,ccrottykb@answers.com,tcaccavarikb,mO3~uY2
733,ojohnyskc@taobao.com,tchasonkc,aO0_)W5.
734,dcrutchleykd@360.cn,hgeramkd,hY3!CX
735,mwisdishke@e-recht24.de,ggarrudke,nJ2@'6DT
736,cishakikf@si.edu,lbossekf,gO8@'r
737,cbjorkankg@state.tx.us,abredgelandkg,eF8'\om2b
738,mwatersonkh@youtube.com,aatyeokh,iY5|ox
739,efieldski@hp.com,byaneleki,mX8$OB`PJ#Ns
740,phumfreykj@reuters.com,cdailykj,"fF5""E,"
741,kcattellkk@blogtalkradio.com,rnockleskk,fK2\T~muQ
742,jgiacomettikl@washington.edu,lturneauxkl,hE4@B~2kW
743,cpeerskm@timesonline.co.uk,aadenotkm,iL8=m*
744,vsangsterkn@cyberchimps.com,hrutterkn,iN9{E<i
745,ciacabucciko@furl.net,cnewingko,uW6@0juSOfNv
746,bseckomkp@altervista.org,kflearkp,tT0%!j0
747,kkingzettkq@webs.com,efleethamkq,qT5|TTRF
748,jaleksashinkr@miibeian.gov.cn,igrimsdithkr,tF4'6G
749,fdabelks@dailymail.co.uk,pdemichettiks,eZ8<O&JgVb
750,ftomasuttikt@macromedia.com,rlabordekt,oA7/3d1M=
751,ngrgicku@myspace.com,rlovelessku,nW3#kYqdf
752,rbritonkv@istockphoto.com,abruckkv,yB5~x?
753,apluckkw@unesco.org,srenonkw,pE5>#8F@1
754,ngoodliffekx@comsenz.com,hdickskx,eW7/3u&v24zz
755,bjoppichky@nyu.edu,atamplinky,bP3!yA
756,odavagekz@google.ca,centwislekz,oB1+n=j2
757,ppawelskil0@yahoo.com,blyngstedl0,jD8&/8yxSy
758,rweinsl1@devhub.com,proycel1,"mX0%,dFfB"
759,jcochranel2@marriott.com,mbessantl2,hT8_!rl
760,vdomnickl3@google.cn,bmaxwelll3,eO3}}G
761,cyarrl4@posterous.com,mgibardl4,lD4~d1.
762,jvigursl5@tamu.edu,faimericl5,uC5=HA
763,lgreenshielsl6@timesonline.co.uk,zmcgaheyl6,wR2@/WBiog
764,scarahl7@archive.org,vudiel7,"zO2=)"">'S~#"
765,schomleyl8@samsung.com,amainlandl8,"nG5>GMi2!""Ri"
766,glavelll9@i2i.jp,storell9,fO1&}G
767,tbromehedla@gmpg.org,lheugella,"cE4#~70s<,QX"
768,adanneillb@wunderground.com,kboldtlb,wR8.03dv2S
769,sbuckleighlc@wikispaces.com,bsessionslc,qT8~_N
770,smaberleyld@cbc.ca,adoerrenld,dU7`qX(\OueK
771,ekoppeckle@dyndns.org,krawllle,"eJ6%""ovZ"
772,tenevoldsenlf@indiegogo.com,rfonzonelf,"zX1+""w~%N}yh"
773,hcislandlg@phoca.cz,spaydonlg,wN6'YfT$Mj1s
774,krouchylh@tripod.com,nchaffeylh,yK6>n9
775,vkirszli@123-reg.co.uk,tmarqueseli,sA5\5RA
776,mwardropelj@csmonitor.com,amencilj,tA9\5p`}I
777,apaikelk@cbsnews.com,bcapenerlk,"zF7"",)eT"
778,mmclarnonll@mail.ru,hohingertyll,bH9*rckE7Bp
779,sleeselm@cdc.gov,dfrearlm,rQ6$a5D
780,gelwinln@naver.com,lrudloffln,tA1(Cc=4qm@H
781,rduggetlo@vistaprint.com,tedmonstonlo,"zE8""4td"
782,mallbutlp@stanford.edu,lferschkelp,jW6_Cyz{
783,hseabrightlq@nationalgeographic.com,fbeazeylq,jQ9\Yl
784,possultonlr@tamu.edu,dcarnsonlr,zL2/(~%IE
785,aweatheyls@auda.org.au,wstrutleyls,"mJ1,""l"
786,wsamberlt@meetup.com,psenyardlt,aP1*bzS'2~`
787,nmaccrossonlu@miibeian.gov.cn,xcanterlu,lD5&kVC
788,mdahlborglv@nytimes.com,jtapperlv,sM2&s6%
789,mdanburylw@opera.com,bpigdonlw,"rE2_e""biI~i"
790,mkunalx@plala.or.jp,kmushawelx,gK8(+G
791,mheakinsly@e-recht24.de,dknewstubly,oP6|QFy
792,tsteenlz@google.fr,dferrielz,dW5><p
793,cbeardm0@mediafire.com,ajoannicm0,"nB7|""Rym"
794,awellsteadm1@webnode.com,ihurrenm1,cR8'ZpC42p
795,bpulfordm2@answers.com,dsapseedm2,gD8'n(u<%
796,nhelksm3@twitpic.com,ckitteringhamm3,lP6.3bK1r5jq
797,dridgersm4@fc2.com,bswarbrickm4,"rB5""N1KgN&he"
798,rpetherm5@naver.com,jevansm5,kM6/~qYcz
799,ecostim6@studiopress.com,hguntonm6,kA9{F>B
800,mrucklessem7@1und1.de,espeddinm7,kX4$SHS2L
801,srogezm8@forbes.com,lshalcrasm8,"nS7%\e""FD"
802,gorwinm9@yelp.com,hmcgralem9,yG4/9~YfU$%p
803,wheitzma@feedburner.com,rmcateerma,eU4{_ywF'`
804,jschimmangmb@biblegateway.com,aaubrunmb,"lQ9$""WMm"
805,fferrarettomc@wikimedia.org,lstorremc,"qK5>""BH'b"
806,abretonmd@blinklist.com,sraitiemd,rU2~&J
807,mmacgillicuddyme@google.cn,rnichollsme,"nF6,`Bq!Y"
808,efisonmf@friendfeed.com,jcobbinmf,rZ4<\z(z=yF
809,csiccombemg@spiegel.de,mreolfimg,oY4()?gO
810,dmatteonimh@etsy.com,wlabittmh,"kZ3,N2G,F"
811,dmarzelemi@elegantthemes.com,ebankemi,eC1/.m8
812,zmoldmj@photobucket.com,vtomblingsmj,"kQ8,Q,@"
813,rmacaughtriemk@netvibes.com,teastcottmk,yQ1&c@f
814,mbartleetml@msu.edu,aahearneml,eC8*w\/O
815,arappoportmm@ucoz.com,cclappisonmm,rO6\mSL
816,gyeatsmn@theguardian.com,aschukraftmn,rH6=}&W=
817,lmahadymo@amazon.de,phaggathmo,wU5}BpB%
818,aagarmp@discuz.net,weaddymp,tG8'\UEdj#HJ
819,lsineymq@amazon.de,wsancroftmq,"kY4_,f"
820,rmarshallmr@netscape.com,ewildbloodmr,fO5|sYm
821,ecartmaelms@moonfruit.com,gtreadgearms,xE7{u_!($z
822,enothermt@wikispaces.com,jchasonmt,"uO0&L"""
823,nbazyletsmu@tripod.com,lgreenheadmu,uY3!m9RZq3B
824,ablaylockmv@joomla.org,bcardenosamv,tI4~6g
825,gtillymw@networkadvertising.org,wcoghillmw,rS8(qzi9!
826,ohallgarthmx@indiegogo.com,rattrillmx,qL8|(MU9)
827,tbellchambermy@xing.com,kgiggmy,tC2&!B80v5A
828,sfeathersmz@yandex.ru,krussemz,vR1*eGZ%Z3
829,dsnaddonn0@blinklist.com,lgronown0,eB4{8cRR
830,kosmintn1@rambler.ru,acoulstonn1,jN1_o\/B
831,llilien2@yandex.ru,cthonasonn2,lV7%ba0CPz
832,mmaunn3@cocolog-nifty.com,sallson3,mO6/cL?@rY0
833,gdowsingn4@scientificamerican.com,hdemeridan4,oV7+opd
834,dhealksn5@unesco.org,gwixonn5,nQ3&h\mzFP
835,kcookseyn6@illinois.edu,erobakn6,jS9|4\8&1i
836,fbrendeken7@zimbio.com,urosenaun7,nY9%ryc
837,dtoomern8@mysql.com,pbrazenern8,jP3#5mv|
838,mvalleryn9@soundcloud.com,opeacen9,xI0/VDT(C)b
839,emcgroryna@ucoz.ru,rhunnybunna,sT0!EO@O>
840,gtrattonnb@upenn.edu,ccosgrovenb,mX3(p}
841,aabramamovnc@gnu.org,gtrehearnnc,hH6&P|)3I
842,emicheaund@dailymotion.com,ewoontonnd,yZ8*6/N`>
843,fevansne@meetup.com,cchastanne,"hD0,j#h!IfL"
844,nmahedynf@state.gov,krosellinf,fV7|4\k2O
845,vhearmonng@biblegateway.com,rquinceyng,oP0~#p|Hkk
846,rcrippesnh@ask.com,myarwoodnh,"jV3""nvd"
847,ashealsni@virginia.edu,mibleni,kE6}{_g}
848,btrudgionnj@behance.net,fcrankenj,eK2)XM`D*b
849,lkeavynk@blogspot.com,dbrodheadnk,xU8@lhMP<~
850,gteodorskinl@prlog.org,gzottolinl,eV6@JR
851,dpideonnm@t-online.de,cleismannm,fJ0|u%G
852,cnuttallnn@japanpost.jp,myukhtinnn,jX8.*)UOUO)
853,pchengno@nature.com,rkealeyno,fD8=_c
854,overheydennp@ibm.com,dkeatleynp,aY8+A3ZqUv!
855,tmifflinnq@163.com,spablosnq,wR1)B!_(
856,bthynnnr@census.gov,lmackaynr,oQ8@z3z
857,amartusovns@g.co,mguillermanns,"mB6""o\{Z<"
858,gbirbecknt@wikimedia.org,mflightnt,xM6&Dj$1t0
859,fferriesnu@tamu.edu,mmauldennu,fF9=PXB~kkC
860,nshouldernv@nature.com,hcummingnv,rE4'9k3j_e|I
861,pfritschmannnw@apache.org,bpimmnw,nM9+eI{)c
862,holoughlinnx@auda.org.au,baronnx,aH9_{.|_z
863,dkaveny@fda.gov,scicccittiny,zN9%)YZ
864,bkiehlnz@people.com.cn,kmapstonnz,gY3=\$f
865,rgomeryo0@patch.com,knisbeto0,hZ4\(*!`Z=E=
866,gshellcrosso1@wunderground.com,jmcdermottrowo1,tW9!|@R~=E5m
867,dandreao2@thetimes.co.uk,dopdenorto2,"qY9,It36"
868,vummfreyo3@1und1.de,agoodino3,jO0$Pi6Y#
869,hcomussoo4@shutterfly.com,ooccleshawo4,gO8.=QnD5AF
870,mcheccuccio5@soundcloud.com,ogeilliero5,tB2.#MGj1
871,aplaino6@cbsnews.com,eblundano6,eY2*z+0b
872,eoakshotto7@youku.com,zpetrushankoo7,tM5!C=!
873,inovillo8@vinaora.com,kdevoo8,"wQ3,.q5YL"
874,fgoucko9@sakura.ne.jp,asouthamo9,"nO4<j,PH!?+)"
875,agoldaoa@quantcast.com,aabbateoa,eC1&xbrv~
876,tbloggob@xinhuanet.com,aviviansob,"lC3~2\_n"""
877,mtroutbeckoc@360.cn,mgodsafeoc,fY0~1NwTzX.
878,wsimpkinsod@wikipedia.org,gccominiod,sQ6`ktl4haCP
879,lhannayoe@wix.com,rbriggdaleoe,aB9+2$~<<I&#
880,nsivessof@networkadvertising.org,skingscoteof,nW8)5XLd&O
881,kstenningog@cmu.edu,iblackboroughog,rO9/W@
882,eeastmondoh@google.com,cclaitonoh,gJ8.ZT
883,hginneroi@who.int,jdruettoi,aZ1<8Nr<
884,lpitneyoj@ihg.com,lwhittenoj,oC1<?E
885,jflageulok@instagram.com,khackeyok,yX7<xeG+)wM
886,gmounsieol@dyndns.org,bharnellol,bU8.NE1
887,kroglieroom@weibo.com,tdrewesom,aL7`sCSl2p
888,pcoilson@bloomberg.com,rdunniomon,eS1+$y
889,gfearneoo@simplemachines.org,ljurkowskioo,mL5\v(NDm9
890,fannetsop@desdev.cn,daldersleyop,jG2+/&
891,ccormackoq@about.me,kfatscheroq,vX9*ND6KGZW+
892,cbatterbeeor@printfriendly.com,jjozefowiczor,iJ7/7Q`@?*.!
893,bnowakos@free.fr,fkarpeevos,fU2'o7Q+RKa2
894,cdulakeot@abc.net.au,mlampertot,eI1_bs*Zw4%@
895,tgrimbaldestonou@fda.gov,rmarriotou,"iH6.""K~#"
896,dcoghlinov@de.vu,wmacquakerov,qG0{7lwOK
897,clabbettow@odnoklassniki.ru,bcrucittiow,"uF8,`vMs!O"
898,jsinkox@tinypic.com,sbowskillox,uE0<~f
899,cmccheyneoy@marriott.com,fgarrowayoy,qD2)E5@a
900,xrysonoz@comcast.net,wlambdeanoz,nF9#XNh
901,bmacfadyenp0@purevolume.com,dpacquetp0,tO8?hDD2w
902,padshedp1@linkedin.com,deddicottp1,sR8(~ymh1WDd
903,bcardnellp2@sakura.ne.jp,dfloriop2,sX7}}.xU
904,litzikp3@bigcartel.com,lknowlysp3,rK5~sJdP+
905,aivaninp4@list-manage.com,gtunniclissep4,"hG4,H/m|>"
906,tguittetp5@goo.gl,bhagyardp5,"oN5,TY6J"
907,kmcelweep6@bizjournals.com,cbrethertonp6,tF7\V>(
908,cdakinp7@marketwatch.com,dminardp7,hJ9=7k~VP
909,gfarbrotherp8@netscape.com,fskeltonp8,wR3?0`s
910,bharcarsep9@delicious.com,rixerp9,pK8=6R}nz~y>
911,gjowittpa@prweb.com,mblagdenpa,"wZ4,ZYGZ(%Ne"
912,aseeviourpb@sfgate.com,ccroomepb,zQ0%Tb*2mfg
913,pgerrardpc@wordpress.org,bsawdonpc,"iW5""@?Wk`+`Q"
914,ebrockmanpd@virginia.edu,gshaudfurthpd,dT1{b<~JI.
915,ebloodworthpe@umn.edu,hborriepe,rM7%Zh3eI9U
916,myoxallpf@marriott.com,aradnedgepf,wL0`5*?##u
917,echessillpg@acquirethisname.com,lspibypg,gW2_Xd>?V3
918,eolenechanph@mashable.com,fmartinuzziph,hA6`=U1m4Q
919,nhurichpi@lycos.com,tkellockpi,"lJ4/I!"""
920,acanariopj@ox.ac.uk,melcouxpj,"wV5""n3DG"
921,nbroadburypk@cisco.com,qdavidsenpk,aP6=lHIb
922,bbaudessonpl@edublogs.org,brawdallpl,gN5_O4<
923,tcloutepm@wikipedia.org,ddunleavypm,xB1|zqFi#
924,hjohnkepn@un.org,mrenspn,nC4?gK<3NpS
925,mmortlockpo@discuz.net,ojiggenpo,pY6|r{(
926,gloachpp@amazon.de,hloiseaupp,wZ8&#VGi
927,nkimptonpq@lycos.com,mmattheissenpq,"uP5~W@>$""b"
928,rodgerpr@tripadvisor.com,khottonpr,rW3>pokf
929,mberrieps@blogspot.com,cmccrannps,iK2'z+
930,selbournept@webnode.com,nmurphypt,hQ7<{.iy\{RR
931,syushachkovpu@msn.com,astaningpu,qL6~L(D#
932,thegertypv@drupal.org,gverdiepv,cR6.taL
933,kketteridgepw@wufoo.com,mbasnallpw,vB0)v*?m
934,mrubbertspx@umich.edu,cscaliapx,uZ8*k?
935,stootalpy@t.co,bilivepy,fH3<|_Lw/6v
936,sfowleypz@clickbank.net,jmcgurkpz,"rY4$z0""pvPZs"
937,ggwilliamsq0@eepurl.com,emulhollandq0,"qS0=4Sj""6(j"
938,adanielssonq1@arizona.edu,dberthotq1,iX0'#Df9
939,smackenq2@imdb.com,mcaitlinq2,yA9*gbg1
940,adurbinq3@java.com,oleatesq3,mV6)0_y?J`
941,snaceyq4@comcast.net,fnisbithq4,"yF3""%qK"
942,lruffyq5@jiathis.com,mpeytoq5,pT0+(+\2xJ
943,mcasaroliq6@mapquest.com,spollerq6,hR6=\i*
944,kcavalierq7@indiatimes.com,bhalifaxq7,sI6.jE2)7*%u
945,awaymanq8@phpbb.com,ldundinq8,gU1(#A9i
946,lyarwoodq9@mit.edu,dtrautq9,jW6@m+K
947,ogiampietroqa@japanpost.jp,cbirdsallqa,"zL0$iv!Rc,`k"
948,mbrewettqb@over-blog.com,rhellisqb,hB4~9UD
949,ibarkasqc@shareasale.com,ccokeqc,hK6`Ih
950,zguisoqd@squarespace.com,dwhittekqd,kZ3}@t
951,jelksqe@marketwatch.com,jdaryqe,kJ4~u@
952,gwhittleqf@dailymail.co.uk,mmostonqf,nU8_LH?Y8
953,rtebbqg@whitehouse.gov,nclementqg,xX8_?e
954,bmearingqh@histats.com,cspurretqh,oC4`Bic~yei.
955,ndymondqi@forbes.com,hmcallenqi,tV7\tq%<
956,vlexaqj@feedburner.com,bseargeantqj,aK5(1A
957,ksolwayqk@addtoany.com,lcotsfordqk,eP0>!@MQGhq
958,rjoberneql@myspace.com,cvassieql,zJ1>Hzn7pP
959,gpledgerqm@ucsd.edu,mcoupmanqm,"wM9,@v"
960,bcroftqn@netvibes.com,barendqn,nZ0/@Kq
961,pdumphreyqo@i2i.jp,llevettqo,aN5*FTQ}
962,mreamesqp@utexas.edu,gholmeqp,sQ8!_*Kg
963,scaswillqq@who.int,spauletqq,wG7#Ye>lJ@
964,jdecristoforoqr@nsw.gov.au,eraulstonqr,yO1%k%C
965,stumiltyqs@columbia.edu,efibbittsqs,rU3{A\dM
966,lprentyqt@hud.gov,skarimqt,fO5#mI&i70
967,bristqu@cbsnews.com,jgraundissonqu,kI4<&x
968,mbatcheldorqv@homestead.com,dskaymanqv,pG5_'np8p
969,fstatefieldqw@aol.com,dindruchqw,cO3/aOdqc
970,bmachansqx@huffingtonpost.com,smuglestonqx,eJ0*7o_&0>u
971,vsenecauxqy@uol.com.br,mchristofidesqy,hB6@s5#V7
972,dclampqz@redcross.org,csirmondqz,rD8#pe<fo1=g
973,ybeetonr0@yale.edu,wbresnenr0,zE3*yUz!1O
974,cformanr1@live.com,oraynardr1,jQ2}*#9<@uda
975,gswannellr2@creativecommons.org,nthickinsr2,oJ2.OB
976,wmcrorier3@joomla.org,lwassr3,"gL3""7)Bht/l"
977,gnesterr4@google.com.hk,hbartolinir4,aC2(cE+e
978,sdugdaler5@acquirethisname.com,twoolesr5,yY4~|8s9b
979,pwestfieldr6@bandcamp.com,ltraylenr6,fL2}THD%
980,jgovernr7@fda.gov,credparthr7,jZ7&FOK
981,ghalgarthr8@nhs.uk,wratterr8,sG1{!`><Mf/
982,wchurchlowr9@ezinearticles.com,wemeliner9,"gU2+0""i)bGb"
983,cprynra@ox.ac.uk,pgrandhamra,"wG5&T7\1""Q"
984,gosullivanrb@microsoft.com,rambroserb,pH5..$
985,pkimmittrc@jimdo.com,dcomorc,"eQ5$<5Ws"""
986,klakerrd@list-manage.com,cgauvinrd,nZ3{_D
987,acassinre@omniture.com,trawetre,xT0!kL
988,eduffilrf@trellian.com,akencottrf,yG0(guZFJY3
989,eperronirg@typepad.com,gsurphlissrg,sI8*Nnp{i
990,tlodwickrh@usda.gov,jheathcottrh,dO1*c%9>+0D
991,fsircomberi@google.com,mhalleri,oK7_jH8>
992,cprivettrj@hexun.com,mswepsonrj,iJ7`Gm<)
993,gjansrk@elegantthemes.com,hrankenrk,rJ4~X`VTz=
994,ckarolowskirl@artisteer.com,gthomrl,aC1!9Vn_Y
995,bbargrm@dailymotion.com,ebrutyrm,"zM9""0rmI/Iq"
996,avaneedenrn@weebly.com,upateyrn,vO0(CNQt}
997,gheamro@sciencedaily.com,vveallro,mE4=YEQ
998,vorpenrp@cam.ac.uk,gjeannotrp,pI7*V{Z#dmr+
999,pkinforthrq@oakley.com,hoscallanrq,xY6#QY})+p
1000,edarrigorr@goodreads.com,jsororr,dB6`eF
